﻿Designator,Footprint,Quantity,Value,LCSC Part #
"C1, C11, C32, C4, C6, C7",0402,6,10uF,C15525
"C10, C17, C18, C19, C2, C22, C27, C28",0402,8,1uF,C52923
"C12, C20, C21, C26, C8",0603,5,22uF,C59461
C13,CP_EIA-7343-31_Kemet-D,1,470uF,C123270
"C14, C15, C16",0402,3,33pF,C1562
"C23, C24, C25, C3",0603,4,47nF,C1622
"C29, C30",0402,2,220pF,C1530
C31,0402,1,220nF,C16772
"C5, C9",0402,2,4.7uF,C23733
"D10, D12, D6, D7, D8, D9",D_SOD-882,6,H5VL10B,C7420372
"D11, D4, D5",USON-10_L2.5-W1.0-P0.50-BL,3,TPD4E02B04DQAR,C106794
D2,D_SOD-323,1,D_Schottky,C191023
D3,D_SMA,1,D_Schottky,C8678
FPC1,FPC-SMD_40P-P0.50_L4.9-W23.5,1,XF2M-4015-1A_C225713,C225713
J1,SIM-SMD_XDSM-1035-08_1,1,XDSM-1035-08-KT,C7498099
J2,BUS_PCI_Express_Mini_Full,1,Bus_PCI_Express_Mini,C920235
J3,HDMI-SMD_A71-05H4-111N1,1,HDMI_C_1.4,C2682170
J4,USB-SMD_TYPE-C16PIN-1,1,USB_C_Receptacle_USB2.0_14P,C5150972
L1,IND-SMD_L4.4-W4.2,1,2.2uH,C167206
L2,L1008,1,0.47uH,C576393
"L3, L4",IND-SMD_L7.1-W6.6_SL0624,2,4.7uH,C22463813
MODULE1,Raspberry-Pi-4-Compute-Module,1,ComputeModule4-CM4,C19089325
Q1,SOT-23,1,MMBT3904,C2150
"R1, R10, R11, R15, R16, R2, R21, R3, R8, R9",0402,10,10k,C25744
R12,0402,1,10mΩ,C3024467
R13,0402,1,510k,C11616
R14,0603,1,91k,C23265
R18,0402,1,4.7,C23164
R19,0402,1,100k,C25741
"R20, R7",0402,2,15k,C25756
"R22, R4",0402,2,22,C25092
"R26, R27",0402,2,4.7k,C25900
R6,0402,1,120,C25079
"SW1, SW2, SW3",SW-SMD_GT-TC020B-H035-L05,3,PUSH,C17179534
U1,VQFN-24_L4.0-W4.0-P0.50-TL-EP2.8,1,BQ24295RGER,C165144
U2,DSBGA-9_L1.5-W1.5-R3-C3-P0.50-BL,1,BQ27426YZFR,C165137
U3,DSBGA-15_L2.3-W1.3-R5-C3-P0.40-TL,1,TPS63805YFFR,C2879615
U4,SC-70-5_L2.1-W1.3-P0.65-LS2.1-BR,1,TPS61169DCKR,C71045
U5,SOT-23-6_L2.9-W1.6-P0.95-LS2.8-BL_3,1,MT3608L,C2932326
U6,WLCSP-9_L1.3-W1.2-R3-C3-P0.40-TL,1,FUSB302BUCX,C891307
U7,BM14B(0.8)-24DS-0.4V(53),1,BBQ10KBD,C5577268
U8,QFN-44-1EP_7x7mm_P0.5mm_EP5.2x5.2mm,1,ATmega32U4-M,C112161
U9,LGA-12_2x2mm_P0.5mm,1,LIS2MDL,C919695
